<?xml version="1.0" encoding="UTF-8"?>  
<beans xmlns="http://www.springframework.org/schema/beans"  
        xmlns:xsi="http://www.w3.org/2001/XMLSchema-instance"  
        xmlns:aop="http://www.springframework.org/schema/aop"  
        xmlns:p="http://www.springframework.org/schema/p"  
        xmlns:tx="http://www.springframework.org/schema/tx"  
        xmlns:context="http://www.springframework.org/schema/context"  
        xsi:schemaLocation="   
            http://www.springframework.org/schema/beans http://www.springframework.org/schema/beans/spring-beans-2.5.xsd   
            http://www.springframework.org/schema/aop http://www.springframework.org/schema/aop/spring-aop-2.5.xsd   
            http://www.springframework.org/schema/tx http://www.springframework.org/schema/tx/spring-tx-2.5.xsd 
            http://www.springframework.org/schema/context 
            http://www.springframework.org/schema/context/spring-context.xsd"> 
       
      
     <context:component-scan base-package="cn.smbms.dao"></context:component-scan>       
     <context:component-scan base-package="cn.smbms.service"></context:component-scan>
     <!--加载数据库文件  -->
     <context:property-placeholder location="classpath:database.properties"/>       
     <!--数据源  -->
     <bean id="dataSource" class="org.apache.commons.dbcp.BasicDataSource" destroy-method="close">
     	<property name="driverClassName" value="${driver}" />  
			<property name="url" value="${url}" />  
			<property name="username" value="${user}" />  
			<property name="password" value="${password}" />
			<property name="initialSize" value="${initialSize}"/>
			<property name="maxActive" value="${maxActive}"/>
			<property name="maxIdle" value="${maxIdle}"/>
			<property name="minIdle" value="${minIdle}"/>
			<property name="maxWait" value="${maxWait}"/>
			<property name="removeAbandonedTimeout" value="${removeAbandonedTimeout}"/>
			<property name="removeAbandoned" value="${removeAbandoned}"/>
			<!-- sql 心跳 -->
			<property name= "testWhileIdle" value="true"/>
			<property name= "testOnBorrow" value="false"/>
			<property name= "testOnReturn" value="false"/>
			<property name= "validationQuery" value="select 1"/>
			<property name= "timeBetweenEvictionRunsMillis" value="60000"/>
			<property name= "numTestsPerEvictionRun" value="${maxActive}"/>
     </bean>
     <!--工厂  -->
     <bean id="sqlSessionFactory" class="org.mybatis.spring.SqlSessionFactoryBean">
     	<property name="dataSource" ref="dataSource"></property>
     	<property name="configLocation" value="classpath:mybatis-config.xml"></property>
     	<property name="typeAliasesPackage" value="cn.smbms.pojo"></property>
     	
     </bean>
     <bean class="org.mybatis.spring.mapper.MapperScannerConfigurer">
     	<property name="basePackage" value="cn.smbms.dao"></property>
     
     </bean>
     
     <!--事务处理  -->
     <bean id="transactionManager" class="org.springframework.jdbc.datasource.DataSourceTransactionManager">
     	<property name="dataSource" ref="dataSource"></property>
     
     </bean> 
     <aop:aspectj-autoproxy></aop:aspectj-autoproxy>
     <aop:config proxy-target-class="true">
     	<aop:pointcut expression="execution(* *cn.smbms.service..*(..))" id="transService"/>
     	<aop:advisor pointcut-ref="transService" advice-ref="txAdvice"/>
     </aop:config>
     <tx:advice id="txAdvice" transaction-manager="transactionManager">
     	<tx:attributes>
     		<tx:method name="smbms*" propagation="REQUIRED" rollback-for="Exception"/>
     	
     	</tx:attributes>
     
     </tx:advice>
     
     
</beans>