<?xml version="1.0" encoding="UTF-8"?>
<beans xmlns="http://www.springframework.org/schema/beans"
    xmlns:xsi="http://www.w3.org/2001/XMLSchema-instance"
    xmlns:mvc="http://www.springframework.org/schema/mvc"
    xmlns:p="http://www.springframework.org/schema/p"
    xmlns:context="http://www.springframework.org/schema/context"
    xsi:schemaLocation="
        http://www.springframework.org/schema/beans
        http://www.springframework.org/schema/beans/spring-beans.xsd
        http://www.springframework.org/schema/context
        http://www.springframework.org/schema/context/spring-context.xsd
        http://www.springframework.org/schema/mvc
        http://www.springframework.org/schema/mvc/spring-mvc.xsd">

		<context:component-scan base-package="cn.smbms.controller"></context:component-scan>
		<mvc:annotation-driven>
			<mvc:message-converters>
				<bean class="org.springframework.http.converter.StringHttpMessageConverter">
					<property name="supportedMediaTypes">
						<list>
							<value>application/json;charset=UTF-8</value>
						
						</list>
					</property>
				
				</bean>
				<bean class="com.alibaba.fastjson.support.spring.FastJsonHttpMessageConverter">
					<property name="supportedMediaTypes">
						<list>
							<value>text/html;charset=UTF-8</value>
							<value>application/json;charset=UTF-8</value>
						</list>
					
					</property>
					<property name="features">
						<list>
							<value>WriteDateUseDateFormat</value>
						</list>
					</property>
				
				</bean>
			
			</mvc:message-converters>
		

		</mvc:annotation-driven>
		
		<bean class="org.springframework.web.servlet.view.ContentNegotiatingViewResolver">
			<property name="favorParameter" value="true"></property>
			<property name="defaultContentType" value="text/html"></property>
			<property name="mediaTypes">
				<map>
					<entry key="html" value="text/html;charset=UTF-8"></entry>
					<entry key="json" value="application/json;charset=UTF-8"></entry>
					<entry key="xml" value="application/xml;charset=UTF-8"></entry>
					
				</map>
			
			</property>
			<property name="viewResolvers">
				<list>
					<bean class="org.springframework.web.servlet.view.InternalResourceViewResolver">
						<property name="prefix" value="/WEB-INF/jsp/"></property>
						<property name="suffix" value=".jsp"></property>
						
					</bean>
				</list>
			
			</property>
		</bean>
		
		<bean id="multipartResolver" class="org.springframework.web.multipart.commons.CommonsMultipartResolver">
			<property name="maxUploadSize" value="500000"></property>
			<property name="defaultEncoding" value="UTF-8"></property>
		</bean>
		<bean class="org.springframework.web.servlet.handler.SimpleMappingExceptionResolver">
			<property name="exceptionMappings">
				<props>
					<prop key="java.lang.RuntimeException">error</prop>
				</props>
			
			</property>
		</bean>
		<mvc:interceptors>
		<mvc:interceptor>
			<mvc:mapping path="/sys/**"/>
			<bean class="cn.smbms.tools.SysInterceptor"/>
		</mvc:interceptor>
	</mvc:interceptors>
		
		<!--引入静态资源  -->
		<mvc:resources location="/statics/" mapping="/static/**"></mvc:resources>
</beans>