<?xml version="1.0" encoding="UTF-8"?>
<beans xmlns="http://www.springframework.org/schema/beans"
       xmlns:xsi="http://www.w3.org/2001/XMLSchema-instance"
       xmlns:context="http://www.springframework.org/schema/context"
       xmlns:mvc="http://www.springframework.org/schema/mvc"
       xsi:schemaLocation="http://www.springframework.org/schema/beans
       http://www.springframework.org/schema/beans/spring-beans.xsd
       http://www.springframework.org/schema/context
       http://www.springframework.org/schema/context/spring-context.xsd
       http://www.springframework.org/schema/mvc
       http://www.springframework.org/schema/mvc/spring-mvc-3.0.xsd">

    <!-- 扫描web相关的bean -->
    <context:component-scan base-package="com.hd"/>

    <!-- 开启SpringMVC注解模式 -->
    <mvc:annotation-driven/>

    <!-- 静态资源默认servlet配置 -->
    <mvc:default-servlet-handler/>

    <!--避免IE执行AJAX时，返回JSON出现下载文件 -->
    <bean class="org.springframework.http.converter.json.MappingJackson2HttpMessageConverter" id="mappingJacksonHttpMessageConverter">
        <property name="supportedMediaTypes">
            <list>
                <value>text/html;charset=UTF-8</value>
            </list>
        </property>
    </bean>

    <!-- 配置jsp 显示ViewResolver -->
    <bean class="org.springframework.web.servlet.view.InternalResourceViewResolver">
        <property name="viewClass" value="org.springframework.web.servlet.view.JstlView"/>
        <property name="prefix" value="/WEB-INF/views/"/>
        <property name="suffix" value=".jsp"/>
    </bean>

    <!-- 配置文件上传，如果没有使用文件上传可以不用配置，当然如果不配，那么配置文件中也不必引入上传组件包 -->
    <!--<bean class="org.springframework.web.multipart.commons.CommonsMultipartResolver" id="multipartResolver">
        &lt;!&ndash; 默认编码 &ndash;&gt;
        <property name="defaultEncoding" value="utf-8"/>
        &lt;!&ndash; 文件大小最大值 &ndash;&gt;
        <property name="maxUploadSize" value="10485760000"/>
        &lt;!&ndash; 内存中的最大值 &ndash;&gt;
        <property name="maxInMemorySize" value="40960"/>
    </bean>-->

</beans>